<?xml version="1.0" encoding="UTF-8" ?>
<!-- This is a WordPress eXtended RSS file generated by WordPress as an export of your site. -->
<!-- It contains information about your site's posts, pages, comments, categories, and other content. -->
<!-- You may use this file to transfer that content from one site to another. -->
<!-- This file is not intended to serve as a complete backup of your site. -->

<!-- To import this information into a WordPress site follow these steps: -->
<!-- 1. Log in to that site as an administrator. -->
<!-- 2. Go to Tools: Import in the WordPress admin panel. -->
<!-- 3. Install the "WordPress" importer from the list. -->
<!-- 4. Activate & Run Importer. -->
<!-- 5. Upload this file using the form provided on that page. -->
<!-- 6. You will first be asked to map the authors in this export file to users -->
<!--    on the site. For each author, you may choose to map to an -->
<!--    existing user on the site or to create a new user. -->
<!-- 7. WordPress will then import each of the posts, pages, comments, categories, etc. -->
<!--    contained in this file into your site. -->

	<!-- generator="WordPress/5.3" created="2019-12-05 16:09" -->
<rss version="2.0"
	xmlns:excerpt="http://wordpress.org/export/1.2/excerpt/"
	xmlns:content="http://purl.org/rss/1.0/modules/content/"
	xmlns:wfw="http://wellformedweb.org/CommentAPI/"
	xmlns:dc="http://purl.org/dc/elements/1.1/"
	xmlns:wp="http://wordpress.org/export/1.2/"
>

<channel>
	<title>OverStrap: Corporate</title>
	<link>https://demo.hotwpthemes.com/overstrap-corporate</link>
	<description>Test drive the OverStrap: Corporate theme</description>
	<pubDate>Thu, 05 Dec 2019 16:09:57 +0000</pubDate>
	<language>en-US</language>
	<wp:wxr_version>1.2</wp:wxr_version>
	<wp:base_site_url>https://demo.hotwpthemes.com/overstrap-corporate</wp:base_site_url>
	<wp:base_blog_url>https://demo.hotwpthemes.com/overstrap-corporate</wp:base_blog_url>

		<wp:author><wp:author_id>2</wp:author_id><wp:author_login><![CDATA[alex]]></wp:author_login><wp:author_email><![CDATA[hello@understrap.com]]></wp:author_email><wp:author_display_name><![CDATA[OverStrap]]></wp:author_display_name><wp:author_first_name><![CDATA[]]></wp:author_first_name><wp:author_last_name><![CDATA[]]></wp:author_last_name></wp:author>

		<wp:category>
		<wp:term_id>1</wp:term_id>
		<wp:category_nicename><![CDATA[uncategorized]]></wp:category_nicename>
		<wp:category_parent><![CDATA[]]></wp:category_parent>
		<wp:cat_name><![CDATA[Uncategorized]]></wp:cat_name>
	</wp:category>
				<wp:term>
		<wp:term_id><![CDATA[2]]></wp:term_id>
		<wp:term_taxonomy><![CDATA[nav_menu]]></wp:term_taxonomy>
		<wp:term_slug><![CDATA[main]]></wp:term_slug>
		<wp:term_parent><![CDATA[]]></wp:term_parent>
		<wp:term_name><![CDATA[main]]></wp:term_name>
	</wp:term>
		<wp:term>
		<wp:term_id><![CDATA[1]]></wp:term_id>
		<wp:term_taxonomy><![CDATA[category]]></wp:term_taxonomy>
		<wp:term_slug><![CDATA[uncategorized]]></wp:term_slug>
		<wp:term_parent><![CDATA[]]></wp:term_parent>
		<wp:term_name><![CDATA[Uncategorized]]></wp:term_name>
	</wp:term>
			<wp:term><wp:term_id>2</wp:term_id><wp:term_taxonomy>nav_menu</wp:term_taxonomy><wp:term_slug><![CDATA[main]]></wp:term_slug><wp:term_name><![CDATA[main]]></wp:term_name>
</wp:term>

	<generator>https://wordpress.org/?v=5.3</generator>

		<item>
		<title>Hello world!</title>
		<link>https://demo.hotwpthemes.com/overstrap-corporate/hello-world__trashed/</link>
		<pubDate>Tue, 12 Nov 2019 11:48:48 +0000</pubDate>
		<dc:creator><![CDATA[alex]]></dc:creator>
		<guid isPermaLink="false">https://demo.hotwpthemes.com/overstrap-corporate/?p=1</guid>
		<description></description>
		<content:encoded><![CDATA[<!-- wp:paragraph -->
<p>Welcome to WordPress. This is your first post. Edit or delete it, then start writing!</p>
<!-- /wp:paragraph -->]]></content:encoded>
		<excerpt:encoded><![CDATA[]]></excerpt:encoded>
		<wp:post_id>1</wp:post_id>
		<wp:post_date><![CDATA[2019-11-12 11:48:48]]></wp:post_date>
		<wp:post_date_gmt><![CDATA[2019-11-12 11:48:48]]></wp:post_date_gmt>
		<wp:comment_status><![CDATA[open]]></wp:comment_status>
		<wp:ping_status><![CDATA[open]]></wp:ping_status>
		<wp:post_name><![CDATA[hello-world__trashed]]></wp:post_name>
		<wp:status><![CDATA[trash]]></wp:status>
		<wp:post_parent>0</wp:post_parent>
		<wp:menu_order>0</wp:menu_order>
		<wp:post_type><![CDATA[post]]></wp:post_type>
		<wp:post_password><![CDATA[]]></wp:post_password>
		<wp:is_sticky>0</wp:is_sticky>
										<category domain="category" nicename="uncategorized"><![CDATA[Uncategorized]]></category>
						<wp:postmeta>
		<wp:meta_key><![CDATA[_wp_trash_meta_status]]></wp:meta_key>
		<wp:meta_value><![CDATA[publish]]></wp:meta_value>
		</wp:postmeta>
							<wp:postmeta>
		<wp:meta_key><![CDATA[_wp_trash_meta_time]]></wp:meta_key>
		<wp:meta_value><![CDATA[1575562190]]></wp:meta_value>
		</wp:postmeta>
							<wp:postmeta>
		<wp:meta_key><![CDATA[_wp_desired_post_slug]]></wp:meta_key>
		<wp:meta_value><![CDATA[hello-world]]></wp:meta_value>
		</wp:postmeta>
							<wp:postmeta>
		<wp:meta_key><![CDATA[_wp_trash_meta_comments_status]]></wp:meta_key>
		<wp:meta_value><![CDATA[a:1:{i:1;s:1:"1";}]]></wp:meta_value>
		</wp:postmeta>
							<wp:comment>
			<wp:comment_id>1</wp:comment_id>
			<wp:comment_author><![CDATA[A WordPress Commenter]]></wp:comment_author>
			<wp:comment_author_email><![CDATA[wapuu@wordpress.example]]></wp:comment_author_email>
			<wp:comment_author_url>https://wordpress.org/</wp:comment_author_url>
			<wp:comment_author_IP><![CDATA[]]></wp:comment_author_IP>
			<wp:comment_date><![CDATA[2019-11-12 11:48:48]]></wp:comment_date>
			<wp:comment_date_gmt><![CDATA[2019-11-12 11:48:48]]></wp:comment_date_gmt>
			<wp:comment_content><![CDATA[Hi, this is a comment.
To get started with moderating, editing, and deleting comments, please visit the Comments screen in the dashboard.
Commenter avatars come from <a href="https://gravatar.com">Gravatar</a>.]]></wp:comment_content>
			<wp:comment_approved><![CDATA[post-trashed]]></wp:comment_approved>
			<wp:comment_type><![CDATA[]]></wp:comment_type>
			<wp:comment_parent>0</wp:comment_parent>
			<wp:comment_user_id>0</wp:comment_user_id>
							</wp:comment>
					</item>
					<item>
		<title>Home</title>
		<link>https://demo.hotwpthemes.com/overstrap-corporate/</link>
		<pubDate>Tue, 12 Nov 2019 11:48:48 +0000</pubDate>
		<dc:creator><![CDATA[alex]]></dc:creator>
		<guid isPermaLink="false">https://demo.hotwpthemes.com/overstrap-corporate/?page_id=2</guid>
		<description></description>
		<content:encoded><![CDATA[]]></content:encoded>
		<excerpt:encoded><![CDATA[]]></excerpt:encoded>
		<wp:post_id>2</wp:post_id>
		<wp:post_date><![CDATA[2019-11-12 11:48:48]]></wp:post_date>
		<wp:post_date_gmt><![CDATA[2019-11-12 11:48:48]]></wp:post_date_gmt>
		<wp:comment_status><![CDATA[closed]]></wp:comment_status>
		<wp:ping_status><![CDATA[open]]></wp:ping_status>
		<wp:post_name><![CDATA[sample-page]]></wp:post_name>
		<wp:status><![CDATA[publish]]></wp:status>
		<wp:post_parent>0</wp:post_parent>
		<wp:menu_order>0</wp:menu_order>
		<wp:post_type><![CDATA[page]]></wp:post_type>
		<wp:post_password><![CDATA[]]></wp:post_password>
		<wp:is_sticky>0</wp:is_sticky>
														<wp:postmeta>
		<wp:meta_key><![CDATA[_wp_page_template]]></wp:meta_key>
		<wp:meta_value><![CDATA[template-home.php]]></wp:meta_value>
		</wp:postmeta>
							</item>
					<item>
		<title>Privacy Policy</title>
		<link>https://demo.hotwpthemes.com/overstrap-corporate/privacy-policy__trashed/</link>
		<pubDate>Tue, 12 Nov 2019 11:48:48 +0000</pubDate>
		<dc:creator><![CDATA[alex]]></dc:creator>
		<guid isPermaLink="false">https://demo.hotwpthemes.com/overstrap-corporate/?page_id=3</guid>
		<description></description>
		<content:encoded><![CDATA[<!-- wp:heading --><h2>Who we are</h2><!-- /wp:heading --><!-- wp:paragraph --><p>Our website address is: https://demo.hotwpthemes.com/overstrap-corporate.</p><!-- /wp:paragraph --><!-- wp:heading --><h2>What personal data we collect and why we collect it</h2><!-- /wp:heading --><!-- wp:heading {"level":3} --><h3>Comments</h3><!-- /wp:heading --><!-- wp:paragraph --><p>When visitors leave comments on the site we collect the data shown in the comments form, and also the visitor&#8217;s IP address and browser user agent string to help spam detection.</p><!-- /wp:paragraph --><!-- wp:paragraph --><p>An anonymized string created from your email address (also called a hash) may be provided to the Gravatar service to see if you are using it. The Gravatar service privacy policy is available here: https://automattic.com/privacy/. After approval of your comment, your profile picture is visible to the public in the context of your comment.</p><!-- /wp:paragraph --><!-- wp:heading {"level":3} --><h3>Media</h3><!-- /wp:heading --><!-- wp:paragraph --><p>If you upload images to the website, you should avoid uploading images with embedded location data (EXIF GPS) included. Visitors to the website can download and extract any location data from images on the website.</p><!-- /wp:paragraph --><!-- wp:heading {"level":3} --><h3>Contact forms</h3><!-- /wp:heading --><!-- wp:heading {"level":3} --><h3>Cookies</h3><!-- /wp:heading --><!-- wp:paragraph --><p>If you leave a comment on our site you may opt-in to saving your name, email address and website in cookies. These are for your convenience so that you do not have to fill in your details again when you leave another comment. These cookies will last for one year.</p><!-- /wp:paragraph --><!-- wp:paragraph --><p>If you visit our login page, we will set a temporary cookie to determine if your browser accepts cookies. This cookie contains no personal data and is discarded when you close your browser.</p><!-- /wp:paragraph --><!-- wp:paragraph --><p>When you log in, we will also set up several cookies to save your login information and your screen display choices. Login cookies last for two days, and screen options cookies last for a year. If you select &quot;Remember Me&quot;, your login will persist for two weeks. If you log out of your account, the login cookies will be removed.</p><!-- /wp:paragraph --><!-- wp:paragraph --><p>If you edit or publish an article, an additional cookie will be saved in your browser. This cookie includes no personal data and simply indicates the post ID of the article you just edited. It expires after 1 day.</p><!-- /wp:paragraph --><!-- wp:heading {"level":3} --><h3>Embedded content from other websites</h3><!-- /wp:heading --><!-- wp:paragraph --><p>Articles on this site may include embedded content (e.g. videos, images, articles, etc.). Embedded content from other websites behaves in the exact same way as if the visitor has visited the other website.</p><!-- /wp:paragraph --><!-- wp:paragraph --><p>These websites may collect data about you, use cookies, embed additional third-party tracking, and monitor your interaction with that embedded content, including tracking your interaction with the embedded content if you have an account and are logged in to that website.</p><!-- /wp:paragraph --><!-- wp:heading {"level":3} --><h3>Analytics</h3><!-- /wp:heading --><!-- wp:heading --><h2>Who we share your data with</h2><!-- /wp:heading --><!-- wp:heading --><h2>How long we retain your data</h2><!-- /wp:heading --><!-- wp:paragraph --><p>If you leave a comment, the comment and its metadata are retained indefinitely. This is so we can recognize and approve any follow-up comments automatically instead of holding them in a moderation queue.</p><!-- /wp:paragraph --><!-- wp:paragraph --><p>For users that register on our website (if any), we also store the personal information they provide in their user profile. All users can see, edit, or delete their personal information at any time (except they cannot change their username). Website administrators can also see and edit that information.</p><!-- /wp:paragraph --><!-- wp:heading --><h2>What rights you have over your data</h2><!-- /wp:heading --><!-- wp:paragraph --><p>If you have an account on this site, or have left comments, you can request to receive an exported file of the personal data we hold about you, including any data you have provided to us. You can also request that we erase any personal data we hold about you. This does not include any data we are obliged to keep for administrative, legal, or security purposes.</p><!-- /wp:paragraph --><!-- wp:heading --><h2>Where we send your data</h2><!-- /wp:heading --><!-- wp:paragraph --><p>Visitor comments may be checked through an automated spam detection service.</p><!-- /wp:paragraph --><!-- wp:heading --><h2>Your contact information</h2><!-- /wp:heading --><!-- wp:heading --><h2>Additional information</h2><!-- /wp:heading --><!-- wp:heading {"level":3} --><h3>How we protect your data</h3><!-- /wp:heading --><!-- wp:heading {"level":3} --><h3>What data breach procedures we have in place</h3><!-- /wp:heading --><!-- wp:heading {"level":3} --><h3>What third parties we receive data from</h3><!-- /wp:heading --><!-- wp:heading {"level":3} --><h3>What automated decision making and/or profiling we do with user data</h3><!-- /wp:heading --><!-- wp:heading {"level":3} --><h3>Industry regulatory disclosure requirements</h3><!-- /wp:heading -->]]></content:encoded>
		<excerpt:encoded><![CDATA[]]></excerpt:encoded>
		<wp:post_id>3</wp:post_id>
		<wp:post_date><![CDATA[2019-11-12 11:48:48]]></wp:post_date>
		<wp:post_date_gmt><![CDATA[2019-11-12 11:48:48]]></wp:post_date_gmt>
		<wp:comment_status><![CDATA[closed]]></wp:comment_status>
		<wp:ping_status><![CDATA[open]]></wp:ping_status>
		<wp:post_name><![CDATA[privacy-policy__trashed]]></wp:post_name>
		<wp:status><![CDATA[trash]]></wp:status>
		<wp:post_parent>0</wp:post_parent>
		<wp:menu_order>0</wp:menu_order>
		<wp:post_type><![CDATA[page]]></wp:post_type>
		<wp:post_password><![CDATA[]]></wp:post_password>
		<wp:is_sticky>0</wp:is_sticky>
														<wp:postmeta>
		<wp:meta_key><![CDATA[_wp_page_template]]></wp:meta_key>
		<wp:meta_value><![CDATA[default]]></wp:meta_value>
		</wp:postmeta>
							<wp:postmeta>
		<wp:meta_key><![CDATA[_wp_trash_meta_status]]></wp:meta_key>
		<wp:meta_value><![CDATA[draft]]></wp:meta_value>
		</wp:postmeta>
							<wp:postmeta>
		<wp:meta_key><![CDATA[_wp_trash_meta_time]]></wp:meta_key>
		<wp:meta_value><![CDATA[1575562185]]></wp:meta_value>
		</wp:postmeta>
							<wp:postmeta>
		<wp:meta_key><![CDATA[_wp_desired_post_slug]]></wp:meta_key>
		<wp:meta_value><![CDATA[privacy-policy]]></wp:meta_value>
		</wp:postmeta>
							</item>
					<item>
		<title>austin-distel-wawEfYdpkag-unsplash</title>
		<link>https://demo.hotwpthemes.com/overstrap-corporate/austin-distel-wawefydpkag-unsplash/</link>
		<pubDate>Tue, 12 Nov 2019 13:11:49 +0000</pubDate>
		<dc:creator><![CDATA[alex]]></dc:creator>
		<guid isPermaLink="false">https://demo.hotwpthemes.com/overstrap-corporate/wp-content/uploads/2019/11/austin-distel-wawEfYdpkag-unsplash.jpg</guid>
		<description></description>
		<content:encoded><![CDATA[]]></content:encoded>
		<excerpt:encoded><![CDATA[]]></excerpt:encoded>
		<wp:post_id>8</wp:post_id>
		<wp:post_date><![CDATA[2019-11-12 13:11:49]]></wp:post_date>
		<wp:post_date_gmt><![CDATA[2019-11-12 13:11:49]]></wp:post_date_gmt>
		<wp:comment_status><![CDATA[open]]></wp:comment_status>
		<wp:ping_status><![CDATA[closed]]></wp:ping_status>
		<wp:post_name><![CDATA[austin-distel-wawefydpkag-unsplash]]></wp:post_name>
		<wp:status><![CDATA[inherit]]></wp:status>
		<wp:post_parent>0</wp:post_parent>
		<wp:menu_order>0</wp:menu_order>
		<wp:post_type><![CDATA[attachment]]></wp:post_type>
		<wp:post_password><![CDATA[]]></wp:post_password>
		<wp:is_sticky>0</wp:is_sticky>
						<wp:attachment_url><![CDATA[https://demo.hotwpthemes.com/overstrap-corporate/wp-content/uploads/2019/11/austin-distel-wawEfYdpkag-unsplash.jpg]]></wp:attachment_url>
											<wp:postmeta>
		<wp:meta_key><![CDATA[_wp_attached_file]]></wp:meta_key>
		<wp:meta_value><![CDATA[2019/11/austin-distel-wawEfYdpkag-unsplash.jpg]]></wp:meta_value>
		</wp:postmeta>
							<wp:postmeta>
		<wp:meta_key><![CDATA[_wp_attachment_metadata]]></wp:meta_key>
		<wp:meta_value><![CDATA[a:5:{s:5:"width";i:5355;s:6:"height";i:4016;s:4:"file";s:46:"2019/11/austin-distel-wawEfYdpkag-unsplash.jpg";s:5:"sizes";a:4:{s:9:"thumbnail";a:4:{s:4:"file";s:46:"austin-distel-wawEfYdpkag-unsplash-150x150.jpg";s:5:"width";i:150;s:6:"height";i:150;s:9:"mime-type";s:10:"image/jpeg";}s:6:"medium";a:4:{s:4:"file";s:46:"austin-distel-wawEfYdpkag-unsplash-300x225.jpg";s:5:"width";i:300;s:6:"height";i:225;s:9:"mime-type";s:10:"image/jpeg";}s:12:"medium_large";a:4:{s:4:"file";s:46:"austin-distel-wawEfYdpkag-unsplash-768x576.jpg";s:5:"width";i:768;s:6:"height";i:576;s:9:"mime-type";s:10:"image/jpeg";}s:5:"large";a:4:{s:4:"file";s:47:"austin-distel-wawEfYdpkag-unsplash-1024x768.jpg";s:5:"width";i:1024;s:6:"height";i:768;s:9:"mime-type";s:10:"image/jpeg";}}s:10:"image_meta";a:12:{s:8:"aperture";s:1:"0";s:6:"credit";s:0:"";s:6:"camera";s:0:"";s:7:"caption";s:0:"";s:17:"created_timestamp";s:1:"0";s:9:"copyright";s:0:"";s:12:"focal_length";s:1:"0";s:3:"iso";s:1:"0";s:13:"shutter_speed";s:1:"0";s:5:"title";s:0:"";s:11:"orientation";s:1:"0";s:8:"keywords";a:0:{}}}]]></wp:meta_value>
		</wp:postmeta>
							</item>
					<item>
		<title>Contact form 1</title>
		<link>https://demo.hotwpthemes.com/overstrap-corporate/?post_type=wpcf7_contact_form&#038;p=14</link>
		<pubDate>Tue, 12 Nov 2019 13:30:04 +0000</pubDate>
		<dc:creator><![CDATA[alex]]></dc:creator>
		<guid isPermaLink="false">https://demo.hotwpthemes.com/overstrap-corporate/?post_type=wpcf7_contact_form&#038;p=14</guid>
		<description></description>
		<content:encoded><![CDATA[<label> Your Name (required)
    [text* your-name] </label>

<label> Your Email (required)
    [email* your-email] </label>

<label> Subject
    [text your-subject] </label>

<label> Your Message
    [textarea your-message] </label>

[submit "Send"]
understrap-business "[your-subject]"
understrap-business <wordpress@demo.hotwpthemes.com>
From: [your-name] <[your-email]>
Subject: [your-subject]

Message Body:
[your-message]

-- 
This e-mail was sent from a contact form on understrap-business (https://demo.hotwpthemes.com/overstrap-corporate)
dev-email@flywheel.local
Reply-To: [your-email]

0
0

understrap-business "[your-subject]"
understrap-business <wordpress@demo.hotwpthemes.com>
Message Body:
[your-message]

-- 
This e-mail was sent from a contact form on understrap-business (https://demo.hotwpthemes.com/overstrap-corporate)
[your-email]
Reply-To: dev-email@flywheel.local

0
0
Thank you for your message. It has been sent.
There was an error trying to send your message. Please try again later.
One or more fields have an error. Please check and try again.
There was an error trying to send your message. Please try again later.
You must accept the terms and conditions before sending your message.
The field is required.
The field is too long.
The field is too short.]]></content:encoded>
		<excerpt:encoded><![CDATA[]]></excerpt:encoded>
		<wp:post_id>14</wp:post_id>
		<wp:post_date><![CDATA[2019-11-12 13:30:04]]></wp:post_date>
		<wp:post_date_gmt><![CDATA[2019-11-12 13:30:04]]></wp:post_date_gmt>
		<wp:comment_status><![CDATA[closed]]></wp:comment_status>
		<wp:ping_status><![CDATA[closed]]></wp:ping_status>
		<wp:post_name><![CDATA[contact-form-1]]></wp:post_name>
		<wp:status><![CDATA[publish]]></wp:status>
		<wp:post_parent>0</wp:post_parent>
		<wp:menu_order>0</wp:menu_order>
		<wp:post_type><![CDATA[wpcf7_contact_form]]></wp:post_type>
		<wp:post_password><![CDATA[]]></wp:post_password>
		<wp:is_sticky>0</wp:is_sticky>
														<wp:postmeta>
		<wp:meta_key><![CDATA[_form]]></wp:meta_key>
		<wp:meta_value><![CDATA[<label> Your Name (required)
    [text* your-name] </label>

<label> Your Email (required)
    [email* your-email] </label>

<label> Subject
    [text your-subject] </label>

<label> Your Message
    [textarea your-message] </label>

[submit "Send"]]]></wp:meta_value>
		</wp:postmeta>
							<wp:postmeta>
		<wp:meta_key><![CDATA[_mail]]></wp:meta_key>
		<wp:meta_value><![CDATA[a:8:{s:7:"subject";s:36:"understrap-business "[your-subject]"";s:6:"sender";s:52:"understrap-business <wordpress@demo.hotwpthemes.com>";s:4:"body";s:206:"From: [your-name] <[your-email]>
Subject: [your-subject]

Message Body:
[your-message]

-- 
This e-mail was sent from a contact form on understrap-business (https://demo.hotwpthemes.com/overstrap-corporate)";s:9:"recipient";s:24:"dev-email@flywheel.local";s:18:"additional_headers";s:22:"Reply-To: [your-email]";s:11:"attachments";s:0:"";s:8:"use_html";i:0;s:13:"exclude_blank";i:0;}]]></wp:meta_value>
		</wp:postmeta>
							<wp:postmeta>
		<wp:meta_key><![CDATA[_mail_2]]></wp:meta_key>
		<wp:meta_value><![CDATA[a:9:{s:6:"active";b:0;s:7:"subject";s:36:"understrap-business "[your-subject]"";s:6:"sender";s:52:"understrap-business <wordpress@demo.hotwpthemes.com>";s:4:"body";s:148:"Message Body:
[your-message]

-- 
This e-mail was sent from a contact form on understrap-business (https://demo.hotwpthemes.com/overstrap-corporate)";s:9:"recipient";s:12:"[your-email]";s:18:"additional_headers";s:34:"Reply-To: dev-email@flywheel.local";s:11:"attachments";s:0:"";s:8:"use_html";i:0;s:13:"exclude_blank";i:0;}]]></wp:meta_value>
		</wp:postmeta>
							<wp:postmeta>
		<wp:meta_key><![CDATA[_messages]]></wp:meta_key>
		<wp:meta_value><![CDATA[a:8:{s:12:"mail_sent_ok";s:45:"Thank you for your message. It has been sent.";s:12:"mail_sent_ng";s:71:"There was an error trying to send your message. Please try again later.";s:16:"validation_error";s:61:"One or more fields have an error. Please check and try again.";s:4:"spam";s:71:"There was an error trying to send your message. Please try again later.";s:12:"accept_terms";s:69:"You must accept the terms and conditions before sending your message.";s:16:"invalid_required";s:22:"The field is required.";s:16:"invalid_too_long";s:22:"The field is too long.";s:17:"invalid_too_short";s:23:"The field is too short.";}]]></wp:meta_value>
		</wp:postmeta>
							<wp:postmeta>
		<wp:meta_key><![CDATA[_additional_settings]]></wp:meta_key>
		<wp:meta_value><![CDATA[]]></wp:meta_value>
		</wp:postmeta>
							<wp:postmeta>
		<wp:meta_key><![CDATA[_locale]]></wp:meta_key>
		<wp:meta_value><![CDATA[en_US]]></wp:meta_value>
		</wp:postmeta>
							</item>
					<item>
		<title>cihan-soysakal-5OjfCQduO9E-unsplash</title>
		<link>https://demo.hotwpthemes.com/overstrap-corporate/cihan-soysakal-5ojfcqduo9e-unsplash/</link>
		<pubDate>Tue, 12 Nov 2019 13:57:21 +0000</pubDate>
		<dc:creator><![CDATA[alex]]></dc:creator>
		<guid isPermaLink="false">https://demo.hotwpthemes.com/overstrap-corporate/wp-content/uploads/2019/11/cihan-soysakal-5OjfCQduO9E-unsplash.jpg</guid>
		<description></description>
		<content:encoded><![CDATA[]]></content:encoded>
		<excerpt:encoded><![CDATA[]]></excerpt:encoded>
		<wp:post_id>19</wp:post_id>
		<wp:post_date><![CDATA[2019-11-12 13:57:21]]></wp:post_date>
		<wp:post_date_gmt><![CDATA[2019-11-12 13:57:21]]></wp:post_date_gmt>
		<wp:comment_status><![CDATA[open]]></wp:comment_status>
		<wp:ping_status><![CDATA[closed]]></wp:ping_status>
		<wp:post_name><![CDATA[cihan-soysakal-5ojfcqduo9e-unsplash]]></wp:post_name>
		<wp:status><![CDATA[inherit]]></wp:status>
		<wp:post_parent>0</wp:post_parent>
		<wp:menu_order>0</wp:menu_order>
		<wp:post_type><![CDATA[attachment]]></wp:post_type>
		<wp:post_password><![CDATA[]]></wp:post_password>
		<wp:is_sticky>0</wp:is_sticky>
						<wp:attachment_url><![CDATA[https://demo.hotwpthemes.com/overstrap-corporate/wp-content/uploads/2019/11/cihan-soysakal-5OjfCQduO9E-unsplash.jpg]]></wp:attachment_url>
											<wp:postmeta>
		<wp:meta_key><![CDATA[_wp_attached_file]]></wp:meta_key>
		<wp:meta_value><![CDATA[2019/11/cihan-soysakal-5OjfCQduO9E-unsplash.jpg]]></wp:meta_value>
		</wp:postmeta>
							<wp:postmeta>
		<wp:meta_key><![CDATA[_wp_attachment_metadata]]></wp:meta_key>
		<wp:meta_value><![CDATA[a:5:{s:5:"width";i:2848;s:6:"height";i:4272;s:4:"file";s:47:"2019/11/cihan-soysakal-5OjfCQduO9E-unsplash.jpg";s:5:"sizes";a:4:{s:9:"thumbnail";a:4:{s:4:"file";s:47:"cihan-soysakal-5OjfCQduO9E-unsplash-150x150.jpg";s:5:"width";i:150;s:6:"height";i:150;s:9:"mime-type";s:10:"image/jpeg";}s:6:"medium";a:4:{s:4:"file";s:47:"cihan-soysakal-5OjfCQduO9E-unsplash-200x300.jpg";s:5:"width";i:200;s:6:"height";i:300;s:9:"mime-type";s:10:"image/jpeg";}s:12:"medium_large";a:4:{s:4:"file";s:48:"cihan-soysakal-5OjfCQduO9E-unsplash-768x1152.jpg";s:5:"width";i:768;s:6:"height";i:1152;s:9:"mime-type";s:10:"image/jpeg";}s:5:"large";a:4:{s:4:"file";s:48:"cihan-soysakal-5OjfCQduO9E-unsplash-683x1024.jpg";s:5:"width";i:683;s:6:"height";i:1024;s:9:"mime-type";s:10:"image/jpeg";}}s:10:"image_meta";a:12:{s:8:"aperture";s:1:"0";s:6:"credit";s:0:"";s:6:"camera";s:0:"";s:7:"caption";s:0:"";s:17:"created_timestamp";s:1:"0";s:9:"copyright";s:0:"";s:12:"focal_length";s:1:"0";s:3:"iso";s:1:"0";s:13:"shutter_speed";s:1:"0";s:5:"title";s:0:"";s:11:"orientation";s:1:"0";s:8:"keywords";a:0:{}}}]]></wp:meta_value>
		</wp:postmeta>
							</item>
					<item>
		<title>frantzou-fleurine-RTZ_u7LiEfg-unsplash</title>
		<link>https://demo.hotwpthemes.com/overstrap-corporate/frantzou-fleurine-rtz_u7liefg-unsplash/</link>
		<pubDate>Tue, 12 Nov 2019 13:57:35 +0000</pubDate>
		<dc:creator><![CDATA[alex]]></dc:creator>
		<guid isPermaLink="false">https://demo.hotwpthemes.com/overstrap-corporate/wp-content/uploads/2019/11/frantzou-fleurine-RTZ_u7LiEfg-unsplash.jpg</guid>
		<description></description>
		<content:encoded><![CDATA[]]></content:encoded>
		<excerpt:encoded><![CDATA[]]></excerpt:encoded>
		<wp:post_id>20</wp:post_id>
		<wp:post_date><![CDATA[2019-11-12 13:57:35]]></wp:post_date>
		<wp:post_date_gmt><![CDATA[2019-11-12 13:57:35]]></wp:post_date_gmt>
		<wp:comment_status><![CDATA[open]]></wp:comment_status>
		<wp:ping_status><![CDATA[closed]]></wp:ping_status>
		<wp:post_name><![CDATA[frantzou-fleurine-rtz_u7liefg-unsplash]]></wp:post_name>
		<wp:status><![CDATA[inherit]]></wp:status>
		<wp:post_parent>0</wp:post_parent>
		<wp:menu_order>0</wp:menu_order>
		<wp:post_type><![CDATA[attachment]]></wp:post_type>
		<wp:post_password><![CDATA[]]></wp:post_password>
		<wp:is_sticky>0</wp:is_sticky>
						<wp:attachment_url><![CDATA[https://demo.hotwpthemes.com/overstrap-corporate/wp-content/uploads/2019/11/frantzou-fleurine-RTZ_u7LiEfg-unsplash.jpg]]></wp:attachment_url>
											<wp:postmeta>
		<wp:meta_key><![CDATA[_wp_attached_file]]></wp:meta_key>
		<wp:meta_value><![CDATA[2019/11/frantzou-fleurine-RTZ_u7LiEfg-unsplash.jpg]]></wp:meta_value>
		</wp:postmeta>
							<wp:postmeta>
		<wp:meta_key><![CDATA[_wp_attachment_metadata]]></wp:meta_key>
		<wp:meta_value><![CDATA[a:5:{s:5:"width";i:4608;s:6:"height";i:6528;s:4:"file";s:50:"2019/11/frantzou-fleurine-RTZ_u7LiEfg-unsplash.jpg";s:5:"sizes";a:4:{s:9:"thumbnail";a:4:{s:4:"file";s:50:"frantzou-fleurine-RTZ_u7LiEfg-unsplash-150x150.jpg";s:5:"width";i:150;s:6:"height";i:150;s:9:"mime-type";s:10:"image/jpeg";}s:6:"medium";a:4:{s:4:"file";s:50:"frantzou-fleurine-RTZ_u7LiEfg-unsplash-212x300.jpg";s:5:"width";i:212;s:6:"height";i:300;s:9:"mime-type";s:10:"image/jpeg";}s:12:"medium_large";a:4:{s:4:"file";s:51:"frantzou-fleurine-RTZ_u7LiEfg-unsplash-768x1088.jpg";s:5:"width";i:768;s:6:"height";i:1088;s:9:"mime-type";s:10:"image/jpeg";}s:5:"large";a:4:{s:4:"file";s:51:"frantzou-fleurine-RTZ_u7LiEfg-unsplash-723x1024.jpg";s:5:"width";i:723;s:6:"height";i:1024;s:9:"mime-type";s:10:"image/jpeg";}}s:10:"image_meta";a:12:{s:8:"aperture";s:1:"0";s:6:"credit";s:0:"";s:6:"camera";s:0:"";s:7:"caption";s:0:"";s:17:"created_timestamp";s:1:"0";s:9:"copyright";s:0:"";s:12:"focal_length";s:1:"0";s:3:"iso";s:1:"0";s:13:"shutter_speed";s:1:"0";s:5:"title";s:0:"";s:11:"orientation";s:1:"0";s:8:"keywords";a:0:{}}}]]></wp:meta_value>
		</wp:postmeta>
							</item>
					<item>
		<title>sandy-millar-9bYTpXfiKNM-unsplash</title>
		<link>https://demo.hotwpthemes.com/overstrap-corporate/sandy-millar-9bytpxfiknm-unsplash/</link>
		<pubDate>Tue, 12 Nov 2019 13:57:50 +0000</pubDate>
		<dc:creator><![CDATA[alex]]></dc:creator>
		<guid isPermaLink="false">https://demo.hotwpthemes.com/overstrap-corporate/wp-content/uploads/2019/11/sandy-millar-9bYTpXfiKNM-unsplash.jpg</guid>
		<description></description>
		<content:encoded><![CDATA[]]></content:encoded>
		<excerpt:encoded><![CDATA[]]></excerpt:encoded>
		<wp:post_id>21</wp:post_id>
		<wp:post_date><![CDATA[2019-11-12 13:57:50]]></wp:post_date>
		<wp:post_date_gmt><![CDATA[2019-11-12 13:57:50]]></wp:post_date_gmt>
		<wp:comment_status><![CDATA[open]]></wp:comment_status>
		<wp:ping_status><![CDATA[closed]]></wp:ping_status>
		<wp:post_name><![CDATA[sandy-millar-9bytpxfiknm-unsplash]]></wp:post_name>
		<wp:status><![CDATA[inherit]]></wp:status>
		<wp:post_parent>0</wp:post_parent>
		<wp:menu_order>0</wp:menu_order>
		<wp:post_type><![CDATA[attachment]]></wp:post_type>
		<wp:post_password><![CDATA[]]></wp:post_password>
		<wp:is_sticky>0</wp:is_sticky>
						<wp:attachment_url><![CDATA[https://demo.hotwpthemes.com/overstrap-corporate/wp-content/uploads/2019/11/sandy-millar-9bYTpXfiKNM-unsplash.jpg]]></wp:attachment_url>
											<wp:postmeta>
		<wp:meta_key><![CDATA[_wp_attached_file]]></wp:meta_key>
		<wp:meta_value><![CDATA[2019/11/sandy-millar-9bYTpXfiKNM-unsplash.jpg]]></wp:meta_value>
		</wp:postmeta>
							<wp:postmeta>
		<wp:meta_key><![CDATA[_wp_attachment_metadata]]></wp:meta_key>
		<wp:meta_value><![CDATA[a:5:{s:5:"width";i:3456;s:6:"height";i:5184;s:4:"file";s:45:"2019/11/sandy-millar-9bYTpXfiKNM-unsplash.jpg";s:5:"sizes";a:4:{s:9:"thumbnail";a:4:{s:4:"file";s:45:"sandy-millar-9bYTpXfiKNM-unsplash-150x150.jpg";s:5:"width";i:150;s:6:"height";i:150;s:9:"mime-type";s:10:"image/jpeg";}s:6:"medium";a:4:{s:4:"file";s:45:"sandy-millar-9bYTpXfiKNM-unsplash-200x300.jpg";s:5:"width";i:200;s:6:"height";i:300;s:9:"mime-type";s:10:"image/jpeg";}s:12:"medium_large";a:4:{s:4:"file";s:46:"sandy-millar-9bYTpXfiKNM-unsplash-768x1152.jpg";s:5:"width";i:768;s:6:"height";i:1152;s:9:"mime-type";s:10:"image/jpeg";}s:5:"large";a:4:{s:4:"file";s:46:"sandy-millar-9bYTpXfiKNM-unsplash-683x1024.jpg";s:5:"width";i:683;s:6:"height";i:1024;s:9:"mime-type";s:10:"image/jpeg";}}s:10:"image_meta";a:12:{s:8:"aperture";s:1:"0";s:6:"credit";s:0:"";s:6:"camera";s:0:"";s:7:"caption";s:0:"";s:17:"created_timestamp";s:1:"0";s:9:"copyright";s:0:"";s:12:"focal_length";s:1:"0";s:3:"iso";s:1:"0";s:13:"shutter_speed";s:1:"0";s:5:"title";s:0:"";s:11:"orientation";s:1:"0";s:8:"keywords";a:0:{}}}]]></wp:meta_value>
		</wp:postmeta>
							</item>
					<item>
		<title>victoria-heath-16aAmc4f7fA-unsplash</title>
		<link>https://demo.hotwpthemes.com/overstrap-corporate/victoria-heath-16aamc4f7fa-unsplash/</link>
		<pubDate>Tue, 12 Nov 2019 13:58:00 +0000</pubDate>
		<dc:creator><![CDATA[alex]]></dc:creator>
		<guid isPermaLink="false">https://demo.hotwpthemes.com/overstrap-corporate/wp-content/uploads/2019/11/victoria-heath-16aAmc4f7fA-unsplash.jpg</guid>
		<description></description>
		<content:encoded><![CDATA[]]></content:encoded>
		<excerpt:encoded><![CDATA[]]></excerpt:encoded>
		<wp:post_id>22</wp:post_id>
		<wp:post_date><![CDATA[2019-11-12 13:58:00]]></wp:post_date>
		<wp:post_date_gmt><![CDATA[2019-11-12 13:58:00]]></wp:post_date_gmt>
		<wp:comment_status><![CDATA[open]]></wp:comment_status>
		<wp:ping_status><![CDATA[closed]]></wp:ping_status>
		<wp:post_name><![CDATA[victoria-heath-16aamc4f7fa-unsplash]]></wp:post_name>
		<wp:status><![CDATA[inherit]]></wp:status>
		<wp:post_parent>0</wp:post_parent>
		<wp:menu_order>0</wp:menu_order>
		<wp:post_type><![CDATA[attachment]]></wp:post_type>
		<wp:post_password><![CDATA[]]></wp:post_password>
		<wp:is_sticky>0</wp:is_sticky>
						<wp:attachment_url><![CDATA[https://demo.hotwpthemes.com/overstrap-corporate/wp-content/uploads/2019/11/victoria-heath-16aAmc4f7fA-unsplash.jpg]]></wp:attachment_url>
											<wp:postmeta>
		<wp:meta_key><![CDATA[_wp_attached_file]]></wp:meta_key>
		<wp:meta_value><![CDATA[2019/11/victoria-heath-16aAmc4f7fA-unsplash.jpg]]></wp:meta_value>
		</wp:postmeta>
							<wp:postmeta>
		<wp:meta_key><![CDATA[_wp_attachment_metadata]]></wp:meta_key>
		<wp:meta_value><![CDATA[a:5:{s:5:"width";i:2602;s:6:"height";i:3826;s:4:"file";s:47:"2019/11/victoria-heath-16aAmc4f7fA-unsplash.jpg";s:5:"sizes";a:4:{s:9:"thumbnail";a:4:{s:4:"file";s:47:"victoria-heath-16aAmc4f7fA-unsplash-150x150.jpg";s:5:"width";i:150;s:6:"height";i:150;s:9:"mime-type";s:10:"image/jpeg";}s:6:"medium";a:4:{s:4:"file";s:47:"victoria-heath-16aAmc4f7fA-unsplash-204x300.jpg";s:5:"width";i:204;s:6:"height";i:300;s:9:"mime-type";s:10:"image/jpeg";}s:12:"medium_large";a:4:{s:4:"file";s:48:"victoria-heath-16aAmc4f7fA-unsplash-768x1129.jpg";s:5:"width";i:768;s:6:"height";i:1129;s:9:"mime-type";s:10:"image/jpeg";}s:5:"large";a:4:{s:4:"file";s:48:"victoria-heath-16aAmc4f7fA-unsplash-696x1024.jpg";s:5:"width";i:696;s:6:"height";i:1024;s:9:"mime-type";s:10:"image/jpeg";}}s:10:"image_meta";a:12:{s:8:"aperture";s:1:"0";s:6:"credit";s:0:"";s:6:"camera";s:0:"";s:7:"caption";s:0:"";s:17:"created_timestamp";s:1:"0";s:9:"copyright";s:0:"";s:12:"focal_length";s:1:"0";s:3:"iso";s:1:"0";s:13:"shutter_speed";s:1:"0";s:5:"title";s:0:"";s:11:"orientation";s:1:"0";s:8:"keywords";a:0:{}}}]]></wp:meta_value>
		</wp:postmeta>
							</item>
					<item>
		<title>cloud</title>
		<link>https://demo.hotwpthemes.com/overstrap-corporate/cloud/</link>
		<pubDate>Tue, 12 Nov 2019 14:58:05 +0000</pubDate>
		<dc:creator><![CDATA[alex]]></dc:creator>
		<guid isPermaLink="false">https://demo.hotwpthemes.com/overstrap-corporate/wp-content/uploads/2019/11/cloud.png</guid>
		<description></description>
		<content:encoded><![CDATA[]]></content:encoded>
		<excerpt:encoded><![CDATA[]]></excerpt:encoded>
		<wp:post_id>34</wp:post_id>
		<wp:post_date><![CDATA[2019-11-12 14:58:05]]></wp:post_date>
		<wp:post_date_gmt><![CDATA[2019-11-12 14:58:05]]></wp:post_date_gmt>
		<wp:comment_status><![CDATA[open]]></wp:comment_status>
		<wp:ping_status><![CDATA[closed]]></wp:ping_status>
		<wp:post_name><![CDATA[cloud]]></wp:post_name>
		<wp:status><![CDATA[inherit]]></wp:status>
		<wp:post_parent>0</wp:post_parent>
		<wp:menu_order>0</wp:menu_order>
		<wp:post_type><![CDATA[attachment]]></wp:post_type>
		<wp:post_password><![CDATA[]]></wp:post_password>
		<wp:is_sticky>0</wp:is_sticky>
						<wp:attachment_url><![CDATA[https://demo.hotwpthemes.com/overstrap-corporate/wp-content/uploads/2019/11/cloud.png]]></wp:attachment_url>
											<wp:postmeta>
		<wp:meta_key><![CDATA[_wp_attached_file]]></wp:meta_key>
		<wp:meta_value><![CDATA[2019/11/cloud.png]]></wp:meta_value>
		</wp:postmeta>
							<wp:postmeta>
		<wp:meta_key><![CDATA[_wp_attachment_metadata]]></wp:meta_key>
		<wp:meta_value><![CDATA[a:5:{s:5:"width";i:64;s:6:"height";i:64;s:4:"file";s:17:"2019/11/cloud.png";s:5:"sizes";a:0:{}s:10:"image_meta";a:12:{s:8:"aperture";s:1:"0";s:6:"credit";s:0:"";s:6:"camera";s:0:"";s:7:"caption";s:0:"";s:17:"created_timestamp";s:1:"0";s:9:"copyright";s:0:"";s:12:"focal_length";s:1:"0";s:3:"iso";s:1:"0";s:13:"shutter_speed";s:1:"0";s:5:"title";s:0:"";s:11:"orientation";s:1:"0";s:8:"keywords";a:0:{}}}]]></wp:meta_value>
		</wp:postmeta>
							</item>
					<item>
		<title>smartphone (2)</title>
		<link>https://demo.hotwpthemes.com/overstrap-corporate/smartphone-2/</link>
		<pubDate>Tue, 12 Nov 2019 14:59:40 +0000</pubDate>
		<dc:creator><![CDATA[alex]]></dc:creator>
		<guid isPermaLink="false">https://demo.hotwpthemes.com/overstrap-corporate/wp-content/uploads/2019/11/smartphone-2.png</guid>
		<description></description>
		<content:encoded><![CDATA[]]></content:encoded>
		<excerpt:encoded><![CDATA[]]></excerpt:encoded>
		<wp:post_id>36</wp:post_id>
		<wp:post_date><![CDATA[2019-11-12 14:59:40]]></wp:post_date>
		<wp:post_date_gmt><![CDATA[2019-11-12 14:59:40]]></wp:post_date_gmt>
		<wp:comment_status><![CDATA[open]]></wp:comment_status>
		<wp:ping_status><![CDATA[closed]]></wp:ping_status>
		<wp:post_name><![CDATA[smartphone-2]]></wp:post_name>
		<wp:status><![CDATA[inherit]]></wp:status>
		<wp:post_parent>0</wp:post_parent>
		<wp:menu_order>0</wp:menu_order>
		<wp:post_type><![CDATA[attachment]]></wp:post_type>
		<wp:post_password><![CDATA[]]></wp:post_password>
		<wp:is_sticky>0</wp:is_sticky>
						<wp:attachment_url><![CDATA[https://demo.hotwpthemes.com/overstrap-corporate/wp-content/uploads/2019/11/smartphone-2.png]]></wp:attachment_url>
											<wp:postmeta>
		<wp:meta_key><![CDATA[_wp_attached_file]]></wp:meta_key>
		<wp:meta_value><![CDATA[2019/11/smartphone-2.png]]></wp:meta_value>
		</wp:postmeta>
							<wp:postmeta>
		<wp:meta_key><![CDATA[_wp_attachment_metadata]]></wp:meta_key>
		<wp:meta_value><![CDATA[a:5:{s:5:"width";i:64;s:6:"height";i:64;s:4:"file";s:24:"2019/11/smartphone-2.png";s:5:"sizes";a:0:{}s:10:"image_meta";a:12:{s:8:"aperture";s:1:"0";s:6:"credit";s:0:"";s:6:"camera";s:0:"";s:7:"caption";s:0:"";s:17:"created_timestamp";s:1:"0";s:9:"copyright";s:0:"";s:12:"focal_length";s:1:"0";s:3:"iso";s:1:"0";s:13:"shutter_speed";s:1:"0";s:5:"title";s:0:"";s:11:"orientation";s:1:"0";s:8:"keywords";a:0:{}}}]]></wp:meta_value>
		</wp:postmeta>
							</item>
					<item>
		<title>share</title>
		<link>https://demo.hotwpthemes.com/overstrap-corporate/share/</link>
		<pubDate>Tue, 12 Nov 2019 15:00:42 +0000</pubDate>
		<dc:creator><![CDATA[alex]]></dc:creator>
		<guid isPermaLink="false">https://demo.hotwpthemes.com/overstrap-corporate/wp-content/uploads/2019/11/share.png</guid>
		<description></description>
		<content:encoded><![CDATA[]]></content:encoded>
		<excerpt:encoded><![CDATA[]]></excerpt:encoded>
		<wp:post_id>38</wp:post_id>
		<wp:post_date><![CDATA[2019-11-12 15:00:42]]></wp:post_date>
		<wp:post_date_gmt><![CDATA[2019-11-12 15:00:42]]></wp:post_date_gmt>
		<wp:comment_status><![CDATA[open]]></wp:comment_status>
		<wp:ping_status><![CDATA[closed]]></wp:ping_status>
		<wp:post_name><![CDATA[share]]></wp:post_name>
		<wp:status><![CDATA[inherit]]></wp:status>
		<wp:post_parent>0</wp:post_parent>
		<wp:menu_order>0</wp:menu_order>
		<wp:post_type><![CDATA[attachment]]></wp:post_type>
		<wp:post_password><![CDATA[]]></wp:post_password>
		<wp:is_sticky>0</wp:is_sticky>
						<wp:attachment_url><![CDATA[https://demo.hotwpthemes.com/overstrap-corporate/wp-content/uploads/2019/11/share.png]]></wp:attachment_url>
											<wp:postmeta>
		<wp:meta_key><![CDATA[_wp_attached_file]]></wp:meta_key>
		<wp:meta_value><![CDATA[2019/11/share.png]]></wp:meta_value>
		</wp:postmeta>
							<wp:postmeta>
		<wp:meta_key><![CDATA[_wp_attachment_metadata]]></wp:meta_key>
		<wp:meta_value><![CDATA[a:5:{s:5:"width";i:64;s:6:"height";i:64;s:4:"file";s:17:"2019/11/share.png";s:5:"sizes";a:0:{}s:10:"image_meta";a:12:{s:8:"aperture";s:1:"0";s:6:"credit";s:0:"";s:6:"camera";s:0:"";s:7:"caption";s:0:"";s:17:"created_timestamp";s:1:"0";s:9:"copyright";s:0:"";s:12:"focal_length";s:1:"0";s:3:"iso";s:1:"0";s:13:"shutter_speed";s:1:"0";s:5:"title";s:0:"";s:11:"orientation";s:1:"0";s:8:"keywords";a:0:{}}}]]></wp:meta_value>
		</wp:postmeta>
							</item>
					<item>
		<title>About Us</title>
		<link>https://demo.hotwpthemes.com/overstrap-corporate/about-us/</link>
		<pubDate>Mon, 18 Nov 2019 13:57:46 +0000</pubDate>
		<dc:creator><![CDATA[alex]]></dc:creator>
		<guid isPermaLink="false">https://demo.hotwpthemes.com/overstrap-corporate/about-us/</guid>
		<description></description>
		<content:encoded><![CDATA[]]></content:encoded>
		<excerpt:encoded><![CDATA[]]></excerpt:encoded>
		<wp:post_id>55</wp:post_id>
		<wp:post_date><![CDATA[2019-11-18 13:57:46]]></wp:post_date>
		<wp:post_date_gmt><![CDATA[2019-11-18 13:57:46]]></wp:post_date_gmt>
		<wp:comment_status><![CDATA[closed]]></wp:comment_status>
		<wp:ping_status><![CDATA[closed]]></wp:ping_status>
		<wp:post_name><![CDATA[about-us]]></wp:post_name>
		<wp:status><![CDATA[publish]]></wp:status>
		<wp:post_parent>0</wp:post_parent>
		<wp:menu_order>1</wp:menu_order>
		<wp:post_type><![CDATA[nav_menu_item]]></wp:post_type>
		<wp:post_password><![CDATA[]]></wp:post_password>
		<wp:is_sticky>0</wp:is_sticky>
										<category domain="nav_menu" nicename="main"><![CDATA[main]]></category>
						<wp:postmeta>
		<wp:meta_key><![CDATA[_menu_item_type]]></wp:meta_key>
		<wp:meta_value><![CDATA[custom]]></wp:meta_value>
		</wp:postmeta>
							<wp:postmeta>
		<wp:meta_key><![CDATA[_menu_item_menu_item_parent]]></wp:meta_key>
		<wp:meta_value><![CDATA[0]]></wp:meta_value>
		</wp:postmeta>
							<wp:postmeta>
		<wp:meta_key><![CDATA[_menu_item_object_id]]></wp:meta_key>
		<wp:meta_value><![CDATA[55]]></wp:meta_value>
		</wp:postmeta>
							<wp:postmeta>
		<wp:meta_key><![CDATA[_menu_item_object]]></wp:meta_key>
		<wp:meta_value><![CDATA[custom]]></wp:meta_value>
		</wp:postmeta>
							<wp:postmeta>
		<wp:meta_key><![CDATA[_menu_item_target]]></wp:meta_key>
		<wp:meta_value><![CDATA[]]></wp:meta_value>
		</wp:postmeta>
							<wp:postmeta>
		<wp:meta_key><![CDATA[_menu_item_classes]]></wp:meta_key>
		<wp:meta_value><![CDATA[a:1:{i:0;s:0:"";}]]></wp:meta_value>
		</wp:postmeta>
							<wp:postmeta>
		<wp:meta_key><![CDATA[_menu_item_xfn]]></wp:meta_key>
		<wp:meta_value><![CDATA[]]></wp:meta_value>
		</wp:postmeta>
							<wp:postmeta>
		<wp:meta_key><![CDATA[_menu_item_url]]></wp:meta_key>
		<wp:meta_value><![CDATA[#about]]></wp:meta_value>
		</wp:postmeta>
							</item>
					<item>
		<title>Services</title>
		<link>https://demo.hotwpthemes.com/overstrap-corporate/services/</link>
		<pubDate>Mon, 18 Nov 2019 13:57:46 +0000</pubDate>
		<dc:creator><![CDATA[alex]]></dc:creator>
		<guid isPermaLink="false">https://demo.hotwpthemes.com/overstrap-corporate/services/</guid>
		<description></description>
		<content:encoded><![CDATA[]]></content:encoded>
		<excerpt:encoded><![CDATA[]]></excerpt:encoded>
		<wp:post_id>56</wp:post_id>
		<wp:post_date><![CDATA[2019-11-18 13:57:46]]></wp:post_date>
		<wp:post_date_gmt><![CDATA[2019-11-18 13:57:46]]></wp:post_date_gmt>
		<wp:comment_status><![CDATA[closed]]></wp:comment_status>
		<wp:ping_status><![CDATA[closed]]></wp:ping_status>
		<wp:post_name><![CDATA[services]]></wp:post_name>
		<wp:status><![CDATA[publish]]></wp:status>
		<wp:post_parent>0</wp:post_parent>
		<wp:menu_order>2</wp:menu_order>
		<wp:post_type><![CDATA[nav_menu_item]]></wp:post_type>
		<wp:post_password><![CDATA[]]></wp:post_password>
		<wp:is_sticky>0</wp:is_sticky>
										<category domain="nav_menu" nicename="main"><![CDATA[main]]></category>
						<wp:postmeta>
		<wp:meta_key><![CDATA[_menu_item_type]]></wp:meta_key>
		<wp:meta_value><![CDATA[custom]]></wp:meta_value>
		</wp:postmeta>
							<wp:postmeta>
		<wp:meta_key><![CDATA[_menu_item_menu_item_parent]]></wp:meta_key>
		<wp:meta_value><![CDATA[0]]></wp:meta_value>
		</wp:postmeta>
							<wp:postmeta>
		<wp:meta_key><![CDATA[_menu_item_object_id]]></wp:meta_key>
		<wp:meta_value><![CDATA[56]]></wp:meta_value>
		</wp:postmeta>
							<wp:postmeta>
		<wp:meta_key><![CDATA[_menu_item_object]]></wp:meta_key>
		<wp:meta_value><![CDATA[custom]]></wp:meta_value>
		</wp:postmeta>
							<wp:postmeta>
		<wp:meta_key><![CDATA[_menu_item_target]]></wp:meta_key>
		<wp:meta_value><![CDATA[]]></wp:meta_value>
		</wp:postmeta>
							<wp:postmeta>
		<wp:meta_key><![CDATA[_menu_item_classes]]></wp:meta_key>
		<wp:meta_value><![CDATA[a:1:{i:0;s:0:"";}]]></wp:meta_value>
		</wp:postmeta>
							<wp:postmeta>
		<wp:meta_key><![CDATA[_menu_item_xfn]]></wp:meta_key>
		<wp:meta_value><![CDATA[]]></wp:meta_value>
		</wp:postmeta>
							<wp:postmeta>
		<wp:meta_key><![CDATA[_menu_item_url]]></wp:meta_key>
		<wp:meta_value><![CDATA[#service]]></wp:meta_value>
		</wp:postmeta>
							</item>
					<item>
		<title>Stats</title>
		<link>https://demo.hotwpthemes.com/overstrap-corporate/stats/</link>
		<pubDate>Mon, 18 Nov 2019 13:57:46 +0000</pubDate>
		<dc:creator><![CDATA[alex]]></dc:creator>
		<guid isPermaLink="false">https://demo.hotwpthemes.com/overstrap-corporate/stats/</guid>
		<description></description>
		<content:encoded><![CDATA[]]></content:encoded>
		<excerpt:encoded><![CDATA[]]></excerpt:encoded>
		<wp:post_id>57</wp:post_id>
		<wp:post_date><![CDATA[2019-11-18 13:57:46]]></wp:post_date>
		<wp:post_date_gmt><![CDATA[2019-11-18 13:57:46]]></wp:post_date_gmt>
		<wp:comment_status><![CDATA[closed]]></wp:comment_status>
		<wp:ping_status><![CDATA[closed]]></wp:ping_status>
		<wp:post_name><![CDATA[stats]]></wp:post_name>
		<wp:status><![CDATA[publish]]></wp:status>
		<wp:post_parent>0</wp:post_parent>
		<wp:menu_order>3</wp:menu_order>
		<wp:post_type><![CDATA[nav_menu_item]]></wp:post_type>
		<wp:post_password><![CDATA[]]></wp:post_password>
		<wp:is_sticky>0</wp:is_sticky>
										<category domain="nav_menu" nicename="main"><![CDATA[main]]></category>
						<wp:postmeta>
		<wp:meta_key><![CDATA[_menu_item_type]]></wp:meta_key>
		<wp:meta_value><![CDATA[custom]]></wp:meta_value>
		</wp:postmeta>
							<wp:postmeta>
		<wp:meta_key><![CDATA[_menu_item_menu_item_parent]]></wp:meta_key>
		<wp:meta_value><![CDATA[0]]></wp:meta_value>
		</wp:postmeta>
							<wp:postmeta>
		<wp:meta_key><![CDATA[_menu_item_object_id]]></wp:meta_key>
		<wp:meta_value><![CDATA[57]]></wp:meta_value>
		</wp:postmeta>
							<wp:postmeta>
		<wp:meta_key><![CDATA[_menu_item_object]]></wp:meta_key>
		<wp:meta_value><![CDATA[custom]]></wp:meta_value>
		</wp:postmeta>
							<wp:postmeta>
		<wp:meta_key><![CDATA[_menu_item_target]]></wp:meta_key>
		<wp:meta_value><![CDATA[]]></wp:meta_value>
		</wp:postmeta>
							<wp:postmeta>
		<wp:meta_key><![CDATA[_menu_item_classes]]></wp:meta_key>
		<wp:meta_value><![CDATA[a:1:{i:0;s:0:"";}]]></wp:meta_value>
		</wp:postmeta>
							<wp:postmeta>
		<wp:meta_key><![CDATA[_menu_item_xfn]]></wp:meta_key>
		<wp:meta_value><![CDATA[]]></wp:meta_value>
		</wp:postmeta>
							<wp:postmeta>
		<wp:meta_key><![CDATA[_menu_item_url]]></wp:meta_key>
		<wp:meta_value><![CDATA[#stats]]></wp:meta_value>
		</wp:postmeta>
							</item>
					<item>
		<title>Our Team</title>
		<link>https://demo.hotwpthemes.com/overstrap-corporate/our-team/</link>
		<pubDate>Mon, 18 Nov 2019 13:57:46 +0000</pubDate>
		<dc:creator><![CDATA[alex]]></dc:creator>
		<guid isPermaLink="false">https://demo.hotwpthemes.com/overstrap-corporate/our-team/</guid>
		<description></description>
		<content:encoded><![CDATA[]]></content:encoded>
		<excerpt:encoded><![CDATA[]]></excerpt:encoded>
		<wp:post_id>58</wp:post_id>
		<wp:post_date><![CDATA[2019-11-18 13:57:46]]></wp:post_date>
		<wp:post_date_gmt><![CDATA[2019-11-18 13:57:46]]></wp:post_date_gmt>
		<wp:comment_status><![CDATA[closed]]></wp:comment_status>
		<wp:ping_status><![CDATA[closed]]></wp:ping_status>
		<wp:post_name><![CDATA[our-team]]></wp:post_name>
		<wp:status><![CDATA[publish]]></wp:status>
		<wp:post_parent>0</wp:post_parent>
		<wp:menu_order>4</wp:menu_order>
		<wp:post_type><![CDATA[nav_menu_item]]></wp:post_type>
		<wp:post_password><![CDATA[]]></wp:post_password>
		<wp:is_sticky>0</wp:is_sticky>
										<category domain="nav_menu" nicename="main"><![CDATA[main]]></category>
						<wp:postmeta>
		<wp:meta_key><![CDATA[_menu_item_type]]></wp:meta_key>
		<wp:meta_value><![CDATA[custom]]></wp:meta_value>
		</wp:postmeta>
							<wp:postmeta>
		<wp:meta_key><![CDATA[_menu_item_menu_item_parent]]></wp:meta_key>
		<wp:meta_value><![CDATA[0]]></wp:meta_value>
		</wp:postmeta>
							<wp:postmeta>
		<wp:meta_key><![CDATA[_menu_item_object_id]]></wp:meta_key>
		<wp:meta_value><![CDATA[58]]></wp:meta_value>
		</wp:postmeta>
							<wp:postmeta>
		<wp:meta_key><![CDATA[_menu_item_object]]></wp:meta_key>
		<wp:meta_value><![CDATA[custom]]></wp:meta_value>
		</wp:postmeta>
							<wp:postmeta>
		<wp:meta_key><![CDATA[_menu_item_target]]></wp:meta_key>
		<wp:meta_value><![CDATA[]]></wp:meta_value>
		</wp:postmeta>
							<wp:postmeta>
		<wp:meta_key><![CDATA[_menu_item_classes]]></wp:meta_key>
		<wp:meta_value><![CDATA[a:1:{i:0;s:0:"";}]]></wp:meta_value>
		</wp:postmeta>
							<wp:postmeta>
		<wp:meta_key><![CDATA[_menu_item_xfn]]></wp:meta_key>
		<wp:meta_value><![CDATA[]]></wp:meta_value>
		</wp:postmeta>
							<wp:postmeta>
		<wp:meta_key><![CDATA[_menu_item_url]]></wp:meta_key>
		<wp:meta_value><![CDATA[#teams]]></wp:meta_value>
		</wp:postmeta>
							</item>
					<item>
		<title>Testimonial</title>
		<link>https://demo.hotwpthemes.com/overstrap-corporate/testimonial/</link>
		<pubDate>Mon, 18 Nov 2019 13:57:46 +0000</pubDate>
		<dc:creator><![CDATA[alex]]></dc:creator>
		<guid isPermaLink="false">https://demo.hotwpthemes.com/overstrap-corporate/testimonial/</guid>
		<description></description>
		<content:encoded><![CDATA[]]></content:encoded>
		<excerpt:encoded><![CDATA[]]></excerpt:encoded>
		<wp:post_id>59</wp:post_id>
		<wp:post_date><![CDATA[2019-11-18 13:57:46]]></wp:post_date>
		<wp:post_date_gmt><![CDATA[2019-11-18 13:57:46]]></wp:post_date_gmt>
		<wp:comment_status><![CDATA[closed]]></wp:comment_status>
		<wp:ping_status><![CDATA[closed]]></wp:ping_status>
		<wp:post_name><![CDATA[testimonial]]></wp:post_name>
		<wp:status><![CDATA[publish]]></wp:status>
		<wp:post_parent>0</wp:post_parent>
		<wp:menu_order>5</wp:menu_order>
		<wp:post_type><![CDATA[nav_menu_item]]></wp:post_type>
		<wp:post_password><![CDATA[]]></wp:post_password>
		<wp:is_sticky>0</wp:is_sticky>
										<category domain="nav_menu" nicename="main"><![CDATA[main]]></category>
						<wp:postmeta>
		<wp:meta_key><![CDATA[_menu_item_type]]></wp:meta_key>
		<wp:meta_value><![CDATA[custom]]></wp:meta_value>
		</wp:postmeta>
							<wp:postmeta>
		<wp:meta_key><![CDATA[_menu_item_menu_item_parent]]></wp:meta_key>
		<wp:meta_value><![CDATA[0]]></wp:meta_value>
		</wp:postmeta>
							<wp:postmeta>
		<wp:meta_key><![CDATA[_menu_item_object_id]]></wp:meta_key>
		<wp:meta_value><![CDATA[59]]></wp:meta_value>
		</wp:postmeta>
							<wp:postmeta>
		<wp:meta_key><![CDATA[_menu_item_object]]></wp:meta_key>
		<wp:meta_value><![CDATA[custom]]></wp:meta_value>
		</wp:postmeta>
							<wp:postmeta>
		<wp:meta_key><![CDATA[_menu_item_target]]></wp:meta_key>
		<wp:meta_value><![CDATA[]]></wp:meta_value>
		</wp:postmeta>
							<wp:postmeta>
		<wp:meta_key><![CDATA[_menu_item_classes]]></wp:meta_key>
		<wp:meta_value><![CDATA[a:1:{i:0;s:0:"";}]]></wp:meta_value>
		</wp:postmeta>
							<wp:postmeta>
		<wp:meta_key><![CDATA[_menu_item_xfn]]></wp:meta_key>
		<wp:meta_value><![CDATA[]]></wp:meta_value>
		</wp:postmeta>
							<wp:postmeta>
		<wp:meta_key><![CDATA[_menu_item_url]]></wp:meta_key>
		<wp:meta_value><![CDATA[#testimonial]]></wp:meta_value>
		</wp:postmeta>
							</item>
					<item>
		<title>Contact Us</title>
		<link>https://demo.hotwpthemes.com/overstrap-corporate/contact-us/</link>
		<pubDate>Mon, 18 Nov 2019 13:57:46 +0000</pubDate>
		<dc:creator><![CDATA[alex]]></dc:creator>
		<guid isPermaLink="false">https://demo.hotwpthemes.com/overstrap-corporate/contact-us/</guid>
		<description></description>
		<content:encoded><![CDATA[]]></content:encoded>
		<excerpt:encoded><![CDATA[]]></excerpt:encoded>
		<wp:post_id>60</wp:post_id>
		<wp:post_date><![CDATA[2019-11-18 13:57:46]]></wp:post_date>
		<wp:post_date_gmt><![CDATA[2019-11-18 13:57:46]]></wp:post_date_gmt>
		<wp:comment_status><![CDATA[closed]]></wp:comment_status>
		<wp:ping_status><![CDATA[closed]]></wp:ping_status>
		<wp:post_name><![CDATA[contact-us]]></wp:post_name>
		<wp:status><![CDATA[publish]]></wp:status>
		<wp:post_parent>0</wp:post_parent>
		<wp:menu_order>6</wp:menu_order>
		<wp:post_type><![CDATA[nav_menu_item]]></wp:post_type>
		<wp:post_password><![CDATA[]]></wp:post_password>
		<wp:is_sticky>0</wp:is_sticky>
										<category domain="nav_menu" nicename="main"><![CDATA[main]]></category>
						<wp:postmeta>
		<wp:meta_key><![CDATA[_menu_item_type]]></wp:meta_key>
		<wp:meta_value><![CDATA[custom]]></wp:meta_value>
		</wp:postmeta>
							<wp:postmeta>
		<wp:meta_key><![CDATA[_menu_item_menu_item_parent]]></wp:meta_key>
		<wp:meta_value><![CDATA[0]]></wp:meta_value>
		</wp:postmeta>
							<wp:postmeta>
		<wp:meta_key><![CDATA[_menu_item_object_id]]></wp:meta_key>
		<wp:meta_value><![CDATA[60]]></wp:meta_value>
		</wp:postmeta>
							<wp:postmeta>
		<wp:meta_key><![CDATA[_menu_item_object]]></wp:meta_key>
		<wp:meta_value><![CDATA[custom]]></wp:meta_value>
		</wp:postmeta>
							<wp:postmeta>
		<wp:meta_key><![CDATA[_menu_item_target]]></wp:meta_key>
		<wp:meta_value><![CDATA[]]></wp:meta_value>
		</wp:postmeta>
							<wp:postmeta>
		<wp:meta_key><![CDATA[_menu_item_classes]]></wp:meta_key>
		<wp:meta_value><![CDATA[a:1:{i:0;s:0:"";}]]></wp:meta_value>
		</wp:postmeta>
							<wp:postmeta>
		<wp:meta_key><![CDATA[_menu_item_xfn]]></wp:meta_key>
		<wp:meta_value><![CDATA[]]></wp:meta_value>
		</wp:postmeta>
							<wp:postmeta>
		<wp:meta_key><![CDATA[_menu_item_url]]></wp:meta_key>
		<wp:meta_value><![CDATA[#contact]]></wp:meta_value>
		</wp:postmeta>
							</item>
					<item>
		<title>Teem discussing project at Kanban board</title>
		<link>https://demo.hotwpthemes.com/overstrap-corporate/teem-discussing-project-at-kanban-board/</link>
		<pubDate>Tue, 19 Nov 2019 13:39:52 +0000</pubDate>
		<dc:creator><![CDATA[alex]]></dc:creator>
		<guid isPermaLink="false">https://demo.hotwpthemes.com/overstrap-corporate/wp-content/uploads/2019/11/19963.jpg</guid>
		<description></description>
		<content:encoded><![CDATA[]]></content:encoded>
		<excerpt:encoded><![CDATA[Teem discussing project at Kanban board. Scrum meeting, conversation, working on laptop. Business concept. Vector illustration can be used for presentation slides, landing pages, posters]]></excerpt:encoded>
		<wp:post_id>64</wp:post_id>
		<wp:post_date><![CDATA[2019-11-19 13:39:52]]></wp:post_date>
		<wp:post_date_gmt><![CDATA[2019-11-19 13:39:52]]></wp:post_date_gmt>
		<wp:comment_status><![CDATA[open]]></wp:comment_status>
		<wp:ping_status><![CDATA[closed]]></wp:ping_status>
		<wp:post_name><![CDATA[teem-discussing-project-at-kanban-board]]></wp:post_name>
		<wp:status><![CDATA[inherit]]></wp:status>
		<wp:post_parent>0</wp:post_parent>
		<wp:menu_order>0</wp:menu_order>
		<wp:post_type><![CDATA[attachment]]></wp:post_type>
		<wp:post_password><![CDATA[]]></wp:post_password>
		<wp:is_sticky>0</wp:is_sticky>
						<wp:attachment_url><![CDATA[https://demo.hotwpthemes.com/overstrap-corporate/wp-content/uploads/2019/11/19963.jpg]]></wp:attachment_url>
											<wp:postmeta>
		<wp:meta_key><![CDATA[_wp_attached_file]]></wp:meta_key>
		<wp:meta_value><![CDATA[2019/11/19963.jpg]]></wp:meta_value>
		</wp:postmeta>
							<wp:postmeta>
		<wp:meta_key><![CDATA[_wp_attachment_metadata]]></wp:meta_key>
		<wp:meta_value><![CDATA[a:5:{s:5:"width";i:7514;s:6:"height";i:5000;s:4:"file";s:17:"2019/11/19963.jpg";s:5:"sizes";a:4:{s:9:"thumbnail";a:4:{s:4:"file";s:17:"19963-150x150.jpg";s:5:"width";i:150;s:6:"height";i:150;s:9:"mime-type";s:10:"image/jpeg";}s:6:"medium";a:4:{s:4:"file";s:17:"19963-300x200.jpg";s:5:"width";i:300;s:6:"height";i:200;s:9:"mime-type";s:10:"image/jpeg";}s:12:"medium_large";a:4:{s:4:"file";s:17:"19963-768x511.jpg";s:5:"width";i:768;s:6:"height";i:511;s:9:"mime-type";s:10:"image/jpeg";}s:5:"large";a:4:{s:4:"file";s:18:"19963-1024x681.jpg";s:5:"width";i:1024;s:6:"height";i:681;s:9:"mime-type";s:10:"image/jpeg";}}s:10:"image_meta";a:12:{s:8:"aperture";s:1:"0";s:6:"credit";s:0:"";s:6:"camera";s:0:"";s:7:"caption";s:186:"Teem discussing project at Kanban board. Scrum meeting, conversation, working on laptop. Business concept. Vector illustration can be used for presentation slides, landing pages, posters";s:17:"created_timestamp";s:1:"0";s:9:"copyright";s:0:"";s:12:"focal_length";s:1:"0";s:3:"iso";s:1:"0";s:13:"shutter_speed";s:1:"0";s:5:"title";s:39:"Teem discussing project at Kanban board";s:11:"orientation";s:1:"0";s:8:"keywords";a:50:{i:0;s:8:"abstract";i:1;s:6:"banner";i:2;s:7:"cartoon";i:3;s:7:"concept";i:4;s:8:"creative";i:5;s:6:"design";i:6;s:7:"graphic";i:7;s:12:"illustration";i:8;s:8:"isolated";i:9;s:7:"landing";i:10;s:6:"poster";i:11;s:12:"presentation";i:12;s:4:"page";i:13;s:7:"project";i:14;s:4:"sign";i:15;s:5:"slide";i:16;s:8:"template";i:17;s:6:"vector";i:18;s:3:"web";i:19;s:5:"white";i:20;s:9:"character";i:21;s:6:"people";i:22;s:8:"business";i:23;s:4:"team";i:24;s:8:"teamwork";i:25;s:5:"agile";i:26;s:5:"scrum";i:27;s:7:"meeting";i:28;s:7:"diagram";i:29;s:5:"cycle";i:30;s:4:"flow";i:31;s:4:"work";i:32;s:8:"software";i:33;s:11:"development";i:34;s:4:"plan";i:35;s:4:"role";i:36;s:6:"sprint";i:37;s:5:"daily";i:38;s:6:"master";i:39;s:11:"integration";i:40;s:4:"lean";i:41;s:14:"implementation";i:42;s:11:"requirement";i:43;s:10:"management";i:44;s:7:"quality";i:45;s:9:"iterative";i:46;s:8:"computer";i:47;s:6:"laptop";i:48;s:13:"communication";i:49;s:12:"professional";}}}]]></wp:meta_value>
		</wp:postmeta>
							</item>
					<item>
		<title>desktop-app-3</title>
		<link>https://demo.hotwpthemes.com/overstrap-corporate/desktop-app-3/</link>
		<pubDate>Tue, 19 Nov 2019 18:21:57 +0000</pubDate>
		<dc:creator><![CDATA[alex]]></dc:creator>
		<guid isPermaLink="false">https://demo.hotwpthemes.com/overstrap-corporate/wp-content/uploads/2019/11/desktop-app-3.jpg</guid>
		<description></description>
		<content:encoded><![CDATA[]]></content:encoded>
		<excerpt:encoded><![CDATA[]]></excerpt:encoded>
		<wp:post_id>68</wp:post_id>
		<wp:post_date><![CDATA[2019-11-19 18:21:57]]></wp:post_date>
		<wp:post_date_gmt><![CDATA[2019-11-19 18:21:57]]></wp:post_date_gmt>
		<wp:comment_status><![CDATA[open]]></wp:comment_status>
		<wp:ping_status><![CDATA[closed]]></wp:ping_status>
		<wp:post_name><![CDATA[desktop-app-3]]></wp:post_name>
		<wp:status><![CDATA[inherit]]></wp:status>
		<wp:post_parent>0</wp:post_parent>
		<wp:menu_order>0</wp:menu_order>
		<wp:post_type><![CDATA[attachment]]></wp:post_type>
		<wp:post_password><![CDATA[]]></wp:post_password>
		<wp:is_sticky>0</wp:is_sticky>
						<wp:attachment_url><![CDATA[https://demo.hotwpthemes.com/overstrap-corporate/wp-content/uploads/2019/11/desktop-app-3.jpg]]></wp:attachment_url>
											<wp:postmeta>
		<wp:meta_key><![CDATA[_wp_attached_file]]></wp:meta_key>
		<wp:meta_value><![CDATA[2019/11/desktop-app-3.jpg]]></wp:meta_value>
		</wp:postmeta>
							<wp:postmeta>
		<wp:meta_key><![CDATA[_wp_attachment_metadata]]></wp:meta_key>
		<wp:meta_value><![CDATA[a:5:{s:5:"width";i:2177;s:6:"height";i:1536;s:4:"file";s:25:"2019/11/desktop-app-3.jpg";s:5:"sizes";a:4:{s:9:"thumbnail";a:4:{s:4:"file";s:25:"desktop-app-3-150x150.jpg";s:5:"width";i:150;s:6:"height";i:150;s:9:"mime-type";s:10:"image/jpeg";}s:6:"medium";a:4:{s:4:"file";s:25:"desktop-app-3-300x212.jpg";s:5:"width";i:300;s:6:"height";i:212;s:9:"mime-type";s:10:"image/jpeg";}s:12:"medium_large";a:4:{s:4:"file";s:25:"desktop-app-3-768x542.jpg";s:5:"width";i:768;s:6:"height";i:542;s:9:"mime-type";s:10:"image/jpeg";}s:5:"large";a:4:{s:4:"file";s:26:"desktop-app-3-1024x722.jpg";s:5:"width";i:1024;s:6:"height";i:722;s:9:"mime-type";s:10:"image/jpeg";}}s:10:"image_meta";a:12:{s:8:"aperture";s:1:"0";s:6:"credit";s:0:"";s:6:"camera";s:0:"";s:7:"caption";s:0:"";s:17:"created_timestamp";s:1:"0";s:9:"copyright";s:0:"";s:12:"focal_length";s:1:"0";s:3:"iso";s:1:"0";s:13:"shutter_speed";s:1:"0";s:5:"title";s:0:"";s:11:"orientation";s:1:"0";s:8:"keywords";a:0:{}}}]]></wp:meta_value>
		</wp:postmeta>
							</item>
				</channel>
</rss>
	